title,description
"Apple reports record quarterly earnings","Apple's earnings surpass expectations, driven by strong iPhone sales."
"Tesla launches new electric vehicle","Tesla announces the release of its new electric vehicle with enhanced features."
"Microsoft acquires gaming company","Microsoft acquires a major gaming company to expand its portfolio."
"Google introduces new AI features","Google unveils advanced AI tools for developers and businesses."
"Amazon expands logistics network","Amazon invests heavily in expanding its logistics and delivery infrastructure."
"Meta announces metaverse updates","Meta launches new features in the metaverse aimed at enhancing user experience."
"Nvidia unveils new graphics card","Nvidia launches a high-performance graphics card targeting gamers and professionals."
"Netflix raises subscription prices","Netflix increases subscription fees due to rising content production costs."
"Intel announces new chip architecture","Intel reveals its next-generation chip architecture for data centers."
"AMD shares rise after positive earnings report","AMD reports strong earnings, pushing its stock price to new highs."
"Apple announces iPhone 15 launch date","Apple sets the official launch date for its highly anticipated iPhone 15."
"Tesla secures new funding","Tesla raises capital through a new round of funding to expand operations."
"Microsoft faces antitrust lawsuit","Microsoft is being sued over alleged antitrust violations in the software market."
"Google introduces Google Cloud updates","Google Cloud releases new updates aimed at improving enterprise services."
"Amazon surpasses 200 million Prime members","Amazon announces that its Prime membership program has reached 200 million members."
"Meta faces backlash over privacy issues","Meta is under fire for privacy concerns and the handling of user data."
"Nvidia experiences supply chain delays","Nvidia reports delays in the delivery of its latest graphics cards due to supply chain issues."
"Netflix invests in international content","Netflix significantly increases its investment in international content production."
"Intel launches new processor line","Intel introduces a new series of processors aimed at improving gaming performance."
"AMD announces strategic partnership","AMD partners with a major tech company to strengthen its position in the market."
"Apple announces new services pricing","Apple introduces new pricing models for its streaming and cloud services."
"Tesla faces production delays","Tesla faces production issues with its new electric vehicle models."
"Microsoft to lay off 10,000 employees","Microsoft announces layoffs affecting 10,000 employees as part of restructuring efforts."
"Google’s revenue growth slows","Google reports slower-than-expected revenue growth due to advertising market softness."
"Amazon’s stock drops after disappointing earnings","Amazon's stock drops following a disappointing earnings report and reduced growth projections."
"Meta launches new augmented reality glasses","Meta releases its first augmented reality glasses, aiming to revolutionize user interaction."
"Nvidia reports record earnings","Nvidia hits a new earnings record, driven by high demand for its graphics processors."
"Netflix faces competition from new streaming platforms","Netflix contemplates strategic changes due to rising competition from new streaming services."
"Intel announces new tech conference","Intel plans a new tech conference to showcase its latest innovations and product releases."
"AMD’s stock hits new highs","AMD shares soar as the company continues to gain market share in the semiconductor industry."
"Apple faces environmental scrutiny","Apple is under environmental scrutiny for its supply chain practices."
"Tesla opens new factory in Europe","Tesla expands its production capacity by opening a new factory in Europe."
"Microsoft announces new cloud services pricing","Microsoft introduces new pricing plans for its Azure cloud services."
"Google invests in renewable energy","Google makes significant investments in renewable energy projects to reduce its carbon footprint."
"Amazon introduces new smart home devices","Amazon launches a new line of smart home devices to compete with other tech giants."
"Meta partners with gaming company","Meta announces a partnership with a major gaming company to enhance its VR offerings."
"Nvidia expands into AI market","Nvidia broadens its focus by expanding its product offerings into the artificial intelligence market."
"Netflix signs exclusive deal with major director","Netflix secures an exclusive deal with a major director to produce upcoming films."
"Intel invests in 5G technology","Intel announces new investments in 5G technology to strengthen its telecommunications business."
"AMD reports stronger-than-expected earnings","AMD’s earnings exceed expectations, with strong sales in its Ryzen processor line."
"Apple faces criticism over App Store policies","Apple is facing criticism over its App Store policies, with calls for more transparency."
"Tesla announces new battery technology","Tesla reveals new advancements in battery technology, aimed at increasing energy efficiency."
"Microsoft releases new Windows update","Microsoft releases a major update for its Windows operating system, including enhanced security features."
"Google’s AI breakthroughs lead to new partnerships","Google’s latest AI breakthroughs have led to new strategic partnerships with industry leaders."
"Amazon enters new international markets","Amazon expands into new international markets, aiming for growth in emerging economies."
"Meta’s social media growth slows","Meta faces slower growth in its social media platforms as new competitors emerge."
"Nvidia launches AI-powered tools for developers","Nvidia releases new AI-powered tools aimed at developers in various industries."
"Netflix launches mobile gaming platform","Netflix enters the mobile gaming market, offering games to its subscribers."
"Intel announces breakthrough in quantum computing","Intel reveals a significant breakthrough in quantum computing, setting new industry standards."
"AMD secures major deal with data center providers","AMD secures a major deal with data center providers to supply processors for high-performance computing."